0,canon eos 70d kit 18 55 is stm kamera slr canon eos 70 d kit is stm ,baru original 100 garansi 2 tahun bonus memory 16gb class 10 tas filter lensa anti gores lcd untuk jaga barang aman packing nya paka bubble wrap dus plastik anti air isi box ef s18 55mm f 3 5 5 6 is stm eos 70d body eyecup eb body cap battery charger lc e6e battery pack lp e6 interface cable wide strap ew eos70d features 20 2 gapixels aps c dual pixel cmos af sensor digic 5 image processor iso 100 12 800 expandable to 25 600 19 points cross type af system and 7fps shooting intelligent viewfinder 3 0 vari angle clear view lcd ii touch screen wifi ,Rp 11800000
1,canon eos 750d kit 18 55 is stm kamera slr canon eos 750 d ,garansi 1 tahun bonus memory 16gb product highlights 24 2mp aps c cmos sensor digic 6 image processor 3 0 1 04m dot vari angle touchscreen full hd 1080p video recording 19 point all cross type af system 5 fps shooting amp extended iso to 25600 hybrid cmos af ii amp eos scene analysis creative filters built in wi fi connectivity with nfc cs100 connect station suppor ,Rp 8450000
2,canon eos 700d kit 18 55 is free 18mp canon gital slr eos 700 d ,original garansi 1 satu tahun servis resmi canon free antigores tas 9 titik af tipe silang cepat otret sambung 5fps monitor lcd ii tampil jernih sudut variasi 18mp sensor cmos autofocus batera lp e8 mensi 133 1 x 99 8 x 78 8mm berat 755gr whats in the box eos 60d body ef s 18 135is lens eyecup eb not shown wide strap ew eos 60d usb interface cable ifc 130u stereo av cable avc dcbattery pack lp e6 battery charger lc e6 eos gital solution disc and instruction manuals great photography is easy booklet and do more with macro booklet tambah mmc 32gb tambah filter utk lensa harga fix ubah2 gantung amp bbm harap pm av pm tanya stok sblm atc pin bb cencenshop cod antar tempat tuju amp bayar ima barang surabaya fee 20rb ,Rp 6800000
3,canon eos 700d kit 18 55 is free 18mp canon gital slr ,original garansi 1 satu tahun free antigores tas 9 titik af tipe silang cepat otret sambung 5fps monitor lcd ii tampil jernih sudut variasi 18mp sensor cmos autofocus batera lp e8 mensi 133 1 x 99 8 x 78 8mm berat 755gr whats in the box eyecup eb not shown wide strap ew eos usb interface cable ifc 130u battery pack lp e6 battery charger lc e6 eos gital solution disc and instruction manuals great photography is easy booklet and do more with macro booklet ,Rp 6800000
4,canon eos 100d kit 18 55 is stm kamera slr canon ,garansi 1 tahun highlights 18 mp aps c cmos sensor digic 5 image processor 3 0 1 04m dot clear view ii touchscreen full hd 1080p video recording at 30 fps 9 point af and hybrid cmos af ii native iso 12800 extended to iso 25600 4 fps shooting for 28 jpeg 7 raw files 63 zone dual layer tering system scene intelligent auto mode ef s 18 55mm f 3 5 5 6 is stm lens ,Rp 5400000
5,canon eos 70d w kit ef s 18 200 is jm camera kamera dlsr slr resmi datasricp ori ,detail produk canon eos 70d w abadi momen tujuh frame detik abadi momen stills akjub film full hd kinerja tinggi eos 70d ampil 7fps embak resolusi penuh 19 point af system canggih teknolog dual pixel af cmos unik canon fitur 20 2mp aps c cmos sensor digic 5 image processor pixel af cmos ganda live view 3 0 1 040k dot vari angle touchscreen full hd 1080p video move servo af built in wireless connectivity 19 titik cross type af sistem tingkat continuous shooting 7 fps iso 100 12 800 upgrade iso 25600 intelligent scene auto mode ,Rp 18437000
6,canon eos 700dl gital slr camera 18mp hitam ,canon eos 700d awar angkat kamera dslr gital single lens reflex ilik kualitas foto baik agam fungsi auto focus mampu rekam video cukup handal kelas bekal kamera kekuat 18 mp hybrid cmos af sensor canon eos 700d hasil gambar noise rendah berkat image prosessor digic 5 canon eos 700d ingkat iso 12800 untung ambil gambar kondisi cahaya minim whats include charger battera buku pandu kartu garansi key features 9 titik sistem auto fokus tipe silang eos 700d lengkap fitur af asti cepat tepat sambung af otret jendela bidik eos 700d ingkat autofokus 9 titik sistem af tipe silang masuk titik tengah f 2 8 silang ganda tepat tinggi untuk fokus akurat baik kamera posisi potret lanskap iso 100 12800 tingkat 25600 mode h berkat prosesor gambar digic 5 eos 700d ilik rentang iso perluas sebesar iso 100 12800 tingkat 25600 mode h buat otret mungkin situasi cahaya redup blitz saring kreatif otret live view eos 700d ilik tujuh saring kreatif beda ubah suasana efek visual adeg saring kreatif masuk efek mata ikan efek kamera main hitam putih bintik fokus halus efek miniatur efek seni tebal efek cat air warranty brand warranty spare part 1 tahun what kind of spare part service brand warranty labor service 1 tahun ,Rp 9000000
7,kamera d slr canon 550d murah mulus mint no fog ,kamera d slr canon 550d lengkap fullset mulus murah 3 5jt kurang lensa autofocus manual bunyi fokus jadi masa gak paka nego bonus 2 filter uv 2 sd card 8gb tas canon lokasi surabaya utara ,Rp 3500000
8,slr canon eos 600d ,kondisi mulus 100 lengkap charger nego dikit cicil ,Rp 5000000
9,canon eos 70d kit 18 135 mm kamera slr 70d ,garansi 1 tahun highlights 20 2mp aps c cmos sensor digic 5 image processor 3 0 1 04m dot vari angle touchscreen full hd 1080p 30 video amp movie servo af dual pixel cmos af with live view 19 point all cross type phase detect af native iso 12800 extended to iso 25600 7 fps shooting at full resolution ef s 18 135mm f 3 5 5 6 is stm lens ,Rp 13800000
10,slr canon 1000d ,canon 1000d second 98 mulus lensa kit efs 18 55mm built in flash memory 4gb filter lensa strap charger box lengkap tas kamera akai jarang jarang beli awal ,Rp 3000000
11,canon 1100 d bo ,kamera canon 1100d lensa fix body muluss bro ngedoff deh fungsi 100 normal lengkap unit kamera carger ori batre ori no drop starp kardus isi isi eory 4 gb minat hubcod semarang kirim kirim oke ,Rp 3500000
12,kamera slr canon eos 600d ,jual cepat murah cod only cod only mcd buar jak tim kfc pangkal jati sekitar mall cipinang mm bekasi kl cod canon eos 600d ef s 18 135 is kit lengkap kamera canon eos 600d ef s 18 135 is kit kondisi msh mulus jrg paka pas pergi2 luar neger akai 4 tahun krg lbh lengkap 1 body amp lensa 2 batera 3 tas 4 charger 5 tutup lensa 7 kabel usb rp 6 000 000 nego manusia ,Rp 6000000
13,kamera slr cannon kiss gital x ,kamera bekas jual fitur fungsi charger bateray minat bonus lensa focal panjang ,Rp 1750000
14,kamera pro canon eos 1ds ,wts kamera profesional canon eos 1ds utama kualitas gambar detail kondisi fungsi normal ngga cacat baret wajar akibat akai baret kena tangan sm flash shoe akibat gese flash lengkap kamera charger ori 2 batre ori dua kondisi normal strap non ori body caps garansi ngga tau darimana anggap aja non ds jual seharga 9jt nego wajar bonus lensa manual canon fl 50mm f1 2 kondisi seada oprek eos hasil msh bagus mohon anya harga nett dll jelas bakal ngga jawab minat langsung aju tawar via telp brkl cocok timbang agung kurniaw lokasi jember jawa timurrek bcaan agung kurniaw untuk rekomendasi cek a rel nofollow noopener noreferrer target _blank href https www bukalapak com ap l http bursa fotografer net rekomendasi php id 80183 http bursa fotografer net rekomendasi php id 80183 a a rel nofollow noopener noreferrer target _blank href https www bukalapak com ap l http www facebook com agung96 http www facebook com agung96 a ,Rp 9000000
15,canon slr 600d ,kondisi camera jarang paka dus cd assesoris lengkap ,Rp 5000000
16,canon dslr 1100d ,barang komplit ,Rp 3200000
17,canon eos 70d kit 18 55 is stm kamera slr canon eos 70 d kit is stm ,baru original 100 garansi 2 tahun bonus memory 16gb class 10 tas filter lensa anti gores lcd untuk jaga barang aman packing nya paka bubble wrap dus plastik anti air isi box ef s18 55mm f 3 5 5 6 is stm eos 70d body eyecup eb body cap battery charger lc e6e battery pack lp e6 interface cable wide strap ew eos70d features 20 2 gapixels aps c dual pixel cmos af sensor digic 5 image processor iso 100 12 800 expandable to 25 600 19 points cross type af system and 7fps shooting intelligent viewfinder 3 0 vari angle clear view lcd ii touch screen wifi ,Rp 16780000
18,free canon eos 750d kit 18 55mm is0,asus profesional p2430ua wo082t ci3 6006u 2 0ghz ram 4gb win 10 ,asus profesional p2430ua wo082t spesifikasi processor ci3 6006u 2 0ghz ram 4gb hdd 500gb vga intel hd520 layar 14 os win 10 dvd rw cam bluetooth beli puya lebih design baru asus jamin mantaff 100 brand new in the box garansi resmi 3 tahun ima cod delivery untuk daerah jakarta harga murah toko mall lengkap unit laptop charger buku padu kartu garansi dus fullset ,Rp 5875000

1,promo asus rog fx502vm dm613t gtx1060 3gb 1tb 128gb ssd ram 16gb ci7 7700hq ,asus rog fx502vm dm613t spesifikasi ci7 7700hq 2 8 3 2ghz 16gb 1tb 128gb ssd nvidia gtx1060 3gb 15 6 fhd win10 dvd rw cam bluetooth beli puya lebih design baru asus jamin mantaff 100 brand new in the box garansi resmi 2 tahun ima cod delivery untuk daerah jakarta free bag pak harga murah toko mall lengkap unit laptop charger buku padu kartu garansi dus fullset ,Rp 20099000

2,promo asus rog gl753vd ci7 7700hq 3 2ghz ram 16gb nvidia gtx1050m 4gb ,asus rog gl753vd ds71 d spesifikasi ci7 7700hq 2 8 3 2ghz 16gb 1tb nvidia gtx1050m 4gb 17 3 fhd win10 dvd rw cam bluetooth beli puya lebih design baru asus jamin mantaff 100 brand new in the box garansi stributor 3 tahun ima cod delivery untuk daerah jakarta harga murah toko mall lengkap unit laptop charger buku padu kartu garansi dus fullset ,Rp 19200000

3,promo gaming asus fx553vd dm001d nvidia gtx1050 2gb ram 8gb ,asus fx553vd dm001d spesifikasi ci7 7700hq 2 8 3 2ghz 8gb 1tb nvidia gtx1050 2gb 15 6 fhd dos dvd rw cam bluetooth beli puya lebih design baru asus jamin mantaff 100 brand new in the box garansi resmi 2 tahun ima cod delivery untuk daerah jakarta free bag pak harga murah toko mall lengkap unit laptop charger buku padu kartu garansi dus fullset ,Rp 12900000

4,promo asus rog gl553vd fy280d ci7 7700hq 8gb gtx1050t 4gb win 10 ,asus rog gl553vd fy280d d1 spesifikasi processor ci7 7700hq 2 8 3 2ghz ram 8gb hdd 1tb vga nvidia gtx1050 4gb layar 15 6 fhd os win10 dvd rw cam bluetooth beli puya lebih design baru asus jamin mantaff 100 brand new in the box garansi resmi 2 tahun ima cod delivery untuk daerah jakarta harga murah toko mall lengkap unit laptop charger buku padu kartu garansi dus fullset bonus backpack rog ,Rp 15400000

5,asus p2420l core i5 5200 2 2 ghz 14 inc windows 7 pro 64 bit nvidia geforce 920 ,promo asus p2420l jwo0117e bk spesifikasi processor intel core i5 5200u cpu 2 20ghz ram 1 x 4096 mb ddr3 4 gb pc3l 12800 1 slot memory available harddisk 500 gb kamera vga web camera vga intel hd graphics 5500 nvidia geforce 920m 2 gb ddr3 dedicated 128 mb shared 1999 mb up to 2127 mb batera 6 cell li ion 5200 mah fitur dvd super multi dl drive card reader 3 in 1 realtek pcie gbe family controller bluetooth webcam cardreader 3 port usb 3 0 1 port usb 2 0 hdmi vga out realtek 8821ae wireless lan 802 11n pci e nic finger print reader layar 14 0 hd slim 1366x768 warna black operation system os windows 7 professional 64 bit windows 10 pro 64 bit garansi 1 tahun bonus tas mouse usb ,Rp 7339000

6,asus rog strix gl553vd 7700hq black 7700hq 16gb 1tb gtx1050m 4gb windows 10 ,spesifikasi i7 7700hq kabylake ram 16gb ddr4 1tb sata nvidia gtx1050m 4gb 15 6 full hd windows 10 garansi asus global 1 tahun lengkap unit laptop adaptor kartu garansi note harap konfirmasi esan untuk asti tersedia stock free bubble warp packing untuk berat masuk packing masuk packing kayu kliknklik depok towns square lanta 2 eskalator ,Rp 15900000

7,laptop asus x555qg bx101d amd quadcore a10 9600p 2 4ghz 4gb 1tb ,laptop asus x555qg bx101d amd quadcore a10 9600p 2 4ghz 4gb 1tb vga 2gb 15 6 inch spesifikasi processor amd quadcore a10 9600p 2 4ghz ram 4gb hdd 1tb 1000gb layar 15 6 hd 1366 768 vga amd dualgraphics r5 r6 m435dx with 2gb dedicated dvd wifi webcam hdmi port vga color black kondisi bekas baru 3 bulan garansi resmi 2 tahun lengkap driver dus kartu garansi kabel power charger ,Rp 5750000

8,asus a456ur core i5 new murah ,asus a456ur intel core i5 7200u 2 5ghz hdd 1tb sata memory 4gb ddr4 intel hd graphics nvidia geforce 930mx 2gb dvdrw multi camera wifi display 14 0 led bluetooth dos spek lengkap googling aja gan pilih warna a456ur ga091d dark blue a456ur ga090d dark brown a456ur ga093d red a456ur ga092d gold a456ur ga094d white kondisi lengkap 100 barang baru segel fullset backpak tas gendong asus ori garansi resmi asus indonesia 2 tahun nb harga masuk packing kayu asuransi lokasi bandung trade mall lt2 blok bb 52 jln ibrahim adji 47 cicadas bandung cod bandung kota thanks bukalapak ,Rp 6900000

9,asus a455la core i3 5005u 4gb 500gb new resmi merah ,asus a455la wx669d merah intel core i3 5005u 2 0ghz hdd 500gb sata memory 4gb ddr3 intel hd graphics dvdrw multi camera wifi display 14 0 led bluetooth dos spek lengkap googling aja gan pilih warna a455la wx669d merah a455la wx668d biru a455la wx670d putih kondisi lengkap 100 barang baru segel fullset backpak tas gendong ori asus garansi resmi asus indonesia 2 tahun nb harga masuk packing kayu asuransi lokasi bandung trade mall lt2 blok bb 52 jln ibrahim adji 47 cicadas bandung cod bandung kota thanks bukalapak ,Rp 4750000

10,asus x200m ,spesifikasi amp amp amp amp gt processor intel celeron n2820 amp amp amp amp gt memory 2gb amp amp amp amp gt hard drive 500 gb amp amp amp amp gt intel hd graphics amp amp amp amp gt screen size 11 6 high definition led amp amp amp amp gt hf web camera amp amp amp amp gt 802 11 b g n wi fi amp amp amp amp gt card reader multi in 1 amp amp amp amp gt windows fisik sesua gambar iklan mesin normal cocok bangat nich agan ajar mahasiswa kerja kantor harga dita gan super murah riah agan laptop second murah riah kualitas ok punya minat langsung aja gan masukin kranjang bukalapak tunggu gan order barang batas habis posting langsung ebut garansi sonal mesin ane kasih 1 minggu lengkap unit carger ,Rp 1890000

11,asus x200ca white ,spesifikasi amp amp amp amp gt processor intel celeron cpu 1007u amp amp amp amp gt memory 2gb ddr3 1333mhz onboard amp amp amp amp gt hard drive 500 gb amp amp amp amp gt intel hd graphics amp amp amp amp gt screen size 11 6 high definition led amp amp amp amp gt hf web camera amp amp amp amp gt 802 11 b g n wi fi amp amp amp amp gt card reader multi in 1 amp amp amp amp gt windows cocok agan ajar mahasiswa kerja kantor harga dita gan super murah riah agan laptop second murah riah kualitas ok punya mulus minat langsung aja gan masukin kranjang bukalapak tunggu gan order barang batas habis posting langsung ebut garansi sonal mesin ane kasih 1 minggu lengkap unit carger dus ,Rp 1890000

12,asus e202sa n3060 ,intel dual core n3060 ram 2gb ddr3l hdd 500gb intel hd graphics layar 11 6 1366x768 dos usb 3 1 type c usb 3 0 bt 4 0 wifi garansi 1 tahun fd111d black fd112d white fd113d blue fd114d red ,Rp 3149000

13,laptop asus a450l cori5 4200u haswell gamming ,asus a450l cori5 4200u gamming spesifikasi processor cpu cori5 4200u haswell ram ddr3 4gb hardisc 500gb vga invidia 720m gamming grafis layar 14inc led hd dvd super multi webcam hdmi wifi lan card reader multi in 1 reader usb 3port lengkap unit laptop battrey adaptor kabel power kondisi hardware normal 100 fisik 98 muluss segel blm bongkar batrey tahan 2 3jm gantung pmakei os win 8 1 driver save in folder pin bb by riquez harga rp 4 750 nett iklan msh tayang barang ready langsung atc aja jgn tnya stock cara esan baca ikla telit ccok dgn unit silahakn trasnfer bukalapak barang kirim jne posindo untuk area luar kota pulau bayar c o d laku sidoarjo sby panda mojosar sela atur ,Rp 4750000

14,asus zenbook ux303la quot smoky brown quot fullset perfect condition ,asus zenbook ux303la review zenbook ultrabook cipta adu gaya praktis kinerja ux303 gabung tiga tingkat canggih bentuk baru warna smoky brown icicle gold rose gold sempurna desain metal konsentris ciri khas zen bentuk klasik zenbook ringan sempurna profil ramping setipis 3mm lihat cantik eleg lekang waktu kinerja hebat zenbook ux303 kembang tim asus golden eye teknolog ekslusif asus splendid hadir warna nyata apa lihat teknolog kerja otomatis baik setel untuk optimal gambar hasil gambar kaya warna baik untuk film game foto kinerja luar kinerja jadi utama zenbook ux303 punya butuh prosesor generasi 4 intel core i5 temu grafis ruang simpan cepat ux303 biar unggu apa tugas beri siap jalan tugas sama utar video halus jalan aplikasi cepat zenbook ux303 siap butuh konsumsi daya hemat buat perlu isi ulang asus sonicmaster untuk suara agum suara agum jadi ciri khas luarga zenbook kecual zenbook ux303 teknolog asus sonicmaster buat tim asus golder ear guna kombinasi proses produksi akurat software untuk hadir suara temu notebook bass vokal jernih volume suara tinggi asus zenbook ux303la spesifikasi intel core i5 4210u processor haswell gen 4 windows 8 1 64 bit original recovery aktif ddr3l 1600 mhz sdram onboard memory 4 gb led 13 3 hd 1600 x 900 bening tajam storage 1tb hdd lega gan card reader 2 in 1 card reader sd sdhc kamera hd web camera integrasi 802 11 a g n 802 11 ac widi bt 4 0 support on wlan bt 4 0 combo card audio built in speakers and microphone icepower asus sonicmaster technology kondisi mulus perfect like new 9 5 10 ga perlu ragu tingkat mulus nya lengkap fullset mantab gan garansi 1 bulan servis dll perfect condition harga 8jt pas free ongkir indonesia ,Rp 7300000

15,asus x540ya bx102d e1 7010 2gb 500gb dos 15 6 quot silver ,ready stock barang jamin 100 garansi asus indonesia harap konfirmasi barang esan speksifikasi amd e1 7010 apu with amd radeon r2 graphics dos layar 15 6 hd 1366x768 500gb hdd 2gb ddr3 memory usb 3 0 wi fi dvd writer 2 tahun garansi global senila rp 900 000 ,Rp 3280000

16,ultrabook asus zenbook prime gaming and design ,asus zenbook prime ux32vd harga pasar 10jt 6 jtan seri tinggi kelas bobot 1 4kg tebal 18mm ultrabook untuk kerja main yboard backlit lampu casing full aluminum kondisi baru mulus 99 mesin tested normal 100 13 3 inch ips led full hd 1080 anti glare intel core i5 3337u 1 80ghz turboboost upto 2 70ghz ram 6gb ddr3 hardisk 500gb 24gb ssd vga intel hd graphics 4000 1792mb nvidia geforce gt 620m 1gb total 4gb usb 3 0 hdmi wifi webcam os windows 10 pro dusbox asus unit zenbook charger bonus tas mouse mousepad yboard protector ,Rp 5900000

17,asus x541sa bx402d sr cel n3060 ram4gb hdd500gb dos layar 15 6 quot garansi resmi ,processor intel celeron dual core n3060 processor operating system dos memory 4 gb ddr3l 1600mhz sdram onboard memory display 15 6 16 9 led backlit hd 1366768 glare panel with 45 ntsc graphic integrated intel hd graphics hard drives 500gb 5400rpm sata hdd optical drive super multi dvd yboard chicklet yboard card reader multi format card reader sd sdhc sdxc webcam vga web camera wi fi integrated 802 11b g n integrated 802 11 ac on selected models 10 100 base t bluetooth built in bluetooth v4 0 interface 1 x microphone in headphone out jack 1 x vga port mini d sub 15 pin for external monitor 1 x usb 3 0 port s 1 x usb 2 0 port s 1 x usb c gen 1 up to 5 gbps 1 x rj45 lan jack for lan insert 1 x hdmi audio built in stereo w speakers and microphone asus sonicmaster technology battery 3 cells 36 whrs battery power adapter plug type 4 mm output 19 v dc 1 75 a 33 w input 100 240 v ac 50 60 hz universal warna silver free tas garansi 2 tahun resmi asus ,Rp 3629000

18,asus rog gx800vh kbl gy005t ironm metal ,display 18 4 fhd 3840x2160 wide view g sync processor intel core i7 7820hq processor 2 7ghz 8m cache up to 3 6 ghz memory 64gb 2800 ghz ddr4 ram hard drive pcieg3x4 512g m 2 ssd 3 graphics nvdia gtx1080 16g ddr5 g sync optical drive operating system windows 10 64bit camera hd web camera audio built in stereo 3 w speakers and microphone asus sonic studio networking wi fi bt4 0 slots interface 1 x microphone in jack 1 x headphone out jack spdif 2 x usb 3 1 type c port s 3 x usb 3 0 port s 1 x rj45 lan jack for lan insert 1 x hdmi 1 x docking port hot swap 1 x mini display port 1 x sd card reader battery 74whrs 4s2p 8 cell li ion battery pack power adapter output 19 5 v dc 16 9 a 330 w 19 5 v dc 16 9 a 330 w input 100 240 v ac 50 60 hz universal 3 2 pin compact power supply system system mensions 45 8 x 33 8 x 4 54 cm wxdxh dock thermal dock 35 9 x 41 8 x 13 3 cm wxdxh ,Rp 95299000

19,asus x441sa bx003d red ,dual core n3060 up to 2 48 ghz layar 14 hd 1366x768 grafis intel hd dos dvd writer usb 3 1 type c wifi bt 4 0 garansi 2 tahun ,Rp 3420000

20,asus gaming x550z amd fx 7500 ram 8gb hdd 1tb vga amd r7 m260dx 3gb 15 6 quot windows 10 original ,asus x550z exx211t gr processor amd fx 7500 radeon r7 10 compute cores 4c 6g 2 10ghz ram 2 x 4096 mb ddr3 8 gb pc3l 12800 dual slot memory harddisk 1 tb hdd operation system os windows 10 home single language 64 bit layar 15 6 hd slim gl 1366 x 768 vga amd radeon r7 graphics amd radeon r5 m230 series dedicated 3072 mb shared 3557 mb up to 6629 mb kamera hd web camera batera 4 cell li ion 2950 mah fitur dvd super multi dl drive card reader 3 in 1 realtek pcie gbe family controller bluetooth webcam cardreader 2 port usb 3 0 1 port usb 2 0 hdmi vga out qualcomm atheros ar956x wireless network adapter warna dark grey lengkap dus ori lengkap adaptor buku manual buku garansi bonus 1 tas asus garansi 1 tahun welcome dealer ,Rp 6329000

21,asus e202sa n3060 ram2 500gb dos grs resmi asus 1th ,dual core intel celeron processor n3060 layar 11 6 1366x768 graf intel hd hdd 500gb memory 2gb ddr3l usb 3 1 type c usb 3 0 bt 4 0 wifi os dos garansi 1 tahun warna ready black white n blue ,Rp 2900000

22,asus rog gl553vd fy280d ci7 7700hq 2 8 3 2ghz nvidia gtx1050 4gb ,asus gl553vd fy280d spesifikasi prosesor ci7 7700hq 2 8 3 2ghz ram 8gb hdd 1tb vga nvidia gtx1050 4gb layar 15 6 fhd os dos dvd rw cam blutooth wifi beli puya lebih design baru asus jamin mantaff ima cod delivery untuk daerah jakarta garansi resmi 2 tahun harga murah toko mall lengkap unit laptop tas laptop charger dus fullset bonus bag pag note untuk daerah jakarta irim gojek harap konfirmasi lewat pesan ,Rp 13799000

23,asus x200ma n2840 2gb 500gb 11 6 quot slim ,speksifikasi singkat processor intel celeron n2840 2 16 ghz memory ram 2 gb hard disk 500 gb sistem grafis intel hd graphics layar 11 6 hd led body slim usb hdmi battera 4 cell wifi webcam new garansi 1 tahun stributor ,Rp 3050000

24,asus gaming rog gl552vx ,intel core i7 7700 processor 4gb ddr4 2133 mhz sdram 2 x so dimm socket for expansion up to 32 gb sdram 15 6 16 9 display nvidia geforce gtx 950m with 4g gddr5 vram 1tb hdd super multi dvd windows 10 home 64 bit 1 x microphone in headphone out jack 1 x usb 3 1 type c port s 2 x usb 3 0 port s 1 x usb 2 0 port s 1 x rj45 lan jack for lan insert 1 x hdmi built in stereo 2 w speakers and microphone output 19 v dc 6 32 a 120 w input 100 240 v ac 50 60 hz universal 3 2 pin compact power supply system 385 x 255 x 32 4 mm wxdxh ,Rp 13799900

25,asus x550z exx211t vga amd r7 m260dx 3gb amd fx 7500 r7 8gb 1tb win10 ,asus x550z exx211t gr processor amd fx 7500 radeon r7 10 compute cores 4c 6g 2 10ghz ram 2 x 4096 mb ddr3 8 gb pc3l 12800 dual slot memory harddisk 1 tb hdd kamera hd web camera vga amd radeon r7 graphics amd radeon r7 m260dx dedicated 3072 mb shared 3557 mb up to 6629 mb batera 4 cell li ion fitur dvd super multi dl drive card reader 3 in 1 realtek pcie gbe family controller bluetooth webcam cardreader 2 port usb 3 0 1 port usb 2 0 hdmi vga out qualcomm atheros ar956x wireless network adapter layar 15 6 hd slim gl 1366 x 768 warna dark grey operation system os windows 10 home single language 64 bit garansi 1 tahun lengkap dus lengkap adaptor kartu garansi buku manual bonus tas beli supplier laptop punya lebih design baru jamin mantap barang jual jamin 100 baru garansi ima cod delivery gojek untuk daerah surabaya supplier laptop utama kuality control irim untuk irim aman doublein packing welcome reseller dropship beli qty kirim pesan ,Rp 6329000

26,asus rog slim g551vw i7 edition w 4k ultra hd ips display ,assallamuallaikum agan2 sista2 mbali nih ane rizqi gandantestore jual laptop high end check it out asus rog gaming g551vw 4k edition spesifikasi processor 6th gen intel core i7 6700 hq skylake 2 6 ghz up to 3 5 ghz memory 8 gb pc4 superspeed ddr4 sdram up to 32 gb graphic nvidia geforce gtx 960m 4 gb dedicated vram 128 bit w integrated graphics hd 530 storage 1 tb 7200 rpm hdd display 15 6 inch ultra hd 4k ips display zero b60,asus x441sa n3060 ram 4gb hdd 500gb dos ,processor intel celeron dual core n3060 processor operating system dos non os chipset integrated intel cpu memory 4 gb onboard memory display 14 0 16 9 led backlit hd 1366x768 storage hard drives 500gb 5400rpm sata hdd optical drive super multi dvd yboard chicklet yboard card reader multi format card reader webcam vga web camera networking wi fi integrated 802 11b g n integrated 802 11 ac bluetooth built in bluetooth v4 0 interface 1 x combo audio jack 1 x usb 3 0 port s 1 x usb 2 0 port s 1 x usb c gen 1 up to 5 gbps 1 x rj45 lan jack for lan insert 1 x sd card reader 1x ac adapter plug audio asus sonicmaster technology garansi resmi 2 tahun asus ,Rp 3650000

61,asus a455l cori5 5200u broadwell hard gamming ,asus a455l cori5 5200u broadwell spesifikasi processor cpu cori5 5200u broadwell ram ddr3 4gb fast hardisc 500gb lega vga invidia 930m gamming grafisc ok layar 14inc led hd dvd super multi webcam hdmi wifi lan card reader multi in 1 reader usb 3port lengkap unit laptop battrey adaptor kabel power tas laptop kondisi hardware normal 100 fisik 99 baru segel blm bongkar batrey tahan 3 4jm gantung pmakei os win 8 1 driver simpan folder pin bb by riquez harga rp 5 700 nett iklan msh tayang barang ready cara esan baca ikla telit ccok dgn unit silahakn trasnfer bukalapak barang kirim jne posindo untuk area luar kota pulau bayar c o d laku sidoarjo sby panda mojosar sela atur ,Rp 5700000

62,asus rog g73 jh republik of gamers ,jual laptop sayang untuk gamers alas jual uda gak pake laptop spec windows 10 ram 6gb i7 1 73ghz spek tanya2 lgsg kondisi awat p mmz laptop awat banget gan pasang pasta thermal jd pake laptop dingin batre gak fungsi awal guna charger langsung touchpad uda gak fungsi cover anti gores tama beli yboard backlight fungsi normal overall 90 lengkap laptop charger tanya2 minat hubungin nol delap triple dua sembil tiga dua empat kali sembil prefer whatsapp ya harga 4 500 000 cod oke daerah pondok indah ,Rp 4500000

63,asus zenbook ux310uq fc337t ci7 7500u 2 70 3 50ghz 1tb 128gb ssd nvidia gt940mx 2gb ,asus zenbook ux310uq fc337t spesifikasi ci7 7500u 2 70 3 50ghz 8gb 1tb 128gb ssd nvidia gt940mx 2gb 13 3 fhd win10 no dvd rw cam bluetooth beli puya lebih design baru asus jamin mantaff 100 brand new in the box garansi resmi 2 tahun ima cod delivery untuk daerah jakarta free back harga murah toko mall lengkap unit laptop charger buku padu kartu garansi dus fullset ,Rp 14199000

64,asus x453sa good kondition ,processor intel n3050 speed 1 6 ghz memory ram 2 gb hard disk 500 gb sistem grafis intel hd graphics layar 14 1in hd display battera 4 cell dvdrw wifi webcam bluetooth usb slot hdmi slot sd card slot vga slot lengkap unit carger cocok bangat nich agan ajar mahasiswa kerja kantor harga dita gan super murah riah agan laptop second murah riah kualitas ok punya mulus lancar minat langsung aja gan masukin kranjang bukalapak tunggu gan order barang batas habis posting langsung ebut garansi mesin ane kasih 4 minggu sedia warna hitam ,Rp 2517500

65,asus x454ya amd a8 7410 radeon r5 ,asus x454ya series x454ya bx801d color black non os dos spesifikasi platform notebook type processor amd quad core a8 7410 up to 2 5ghz memory ram 4gb ddr3 tipe grafis integrated amd radeon r5 ukur layar 14 inch resolusi layar 1366 x 768 audio integrated speaker integrated kapasitas hd 500 gb 5400 rpm optical drive multi dvdrw networking integrated wireless network type integrated wireless network protocol 802 11 b g n wireless bluetooth integrated yboard standard yboard ragam input device touchpad webcam integrated bluetooth 4 0 interface 2x usb 3 0 1x usb 2 0 1x combo audio jack 1x vga port mini d sub 15 pin for external monitor 1x rj45 lan jack for lan insert 1x hdmi new bnib segel original garansi 2 tahun service centre asus indonesia welcome serious buyer pcboxsolocity sila review products ima kasih klik pesan pm tersedia stock amp amp amp amp amp harga baru harga up to date hari klik beli prosedur belanja bl payment system mudah aman percaya note masuk pack bubble warp busa karton secure packaging minat packing kayu aman tambah sila klik packing kayu jumlah packing kayu sesuai berat asli produk prosedur belanja e commerce marketplace rekening escrow payment system 1 daftar jadi member anggota opsi quick buyer 2 search barang ingin 3 masuk troli ranjang belanja 4 laku proses check out 5 laku proses bayar rekening escrow payment system sistem bayar aman untuk belanja online laku esan laku bayar salah satu rekening bukalapak pihak bukalapak ampung uang erima barang sanan ima barang sanan baik laku konfirmasi terima barang baru pihak bukalapak transfer uang notice 1 harga up to date hari usaha untuk update product cantum harga baru skripsi singkat ena produk spesifikasi detail sila cari review online 2 layan reseller amp amp amp amp amp dropshipper syarat reseller transaksi 5x bukalapak dropshipper sila cantum kode dropshipper serta nama alamat terang 3 beli quantity jumlah ikan potong harga 4 klik pesan pm private ssage tersedia stock produk etalase umum barang ready stock stock habis gudang lihat etalase jadi pesan nyata stock kosong jadi awar produk toko online jual secara offline cod 5 open order 24 jam verifikasi order bukalapak masuk jam 16 00 wib proses usaha kirim hari kadang kirim hari ikut ndala order masuk atas jam proses esok hari 6 nyaman jadi kesa paham aman jamin barang terima baik harap untuk esan barang ambah biaya asuransi asuransi barang sanan dapat ganti 100 pihak ekspedisi 7 irim indonesia irim via pos kilat khusus express amp amp amp amp amp jne reg yes 8 eriksa produk irim laku jadi pasti produk kirim lolos qc quality control 9 standart packing irim usaha aman amp amp amp amp amp gratis gadgets bubble warp busa karton plastik 10 team bantu proses tracking irim order jadi terlambat estimasi irim bantu push pihak ekspedisi 11 harap laku konfirmasi terima barang secepat sanan terima bantu beri harga layan baik 12 produk beli lunas bayar transaksi selesa tukar produk retur produk 13 erima klaim garansi berla produk label garansi bagi skripsi iklan 14 garansi berla secara nasional produk beli tempat garansi resmi sesua tentu vendor produk item gadgets notebook bawa produk langsung service center resmi dekat kota irim produk ekspedisi lampir kartu garansi nota beli terang rusak ongkir ekspedisi pp tanggung buyer garansi berla sbb beli sengaja sengaja rusak segel garansi tempel produk beli garansi berla untuk jadi bencana alam gempa bakar banjir petir dll huru hara gigit binatang tegang listrik stabil salah lalai akai jatuh kena air cair kimia dll urang tambah alat aksesoris ubah fisik produk odifikasi bekas obeng somplak cuil salah asang produk sesua guna software hardware transportasi ekspedisi asuransi ps ima kasih ,Rp 3849000

66,obral habis habis asus x201e super slim ,asus x201e ilik fitur lumay lengkap untuk ukur netbook benar hadir asus x201e sebut upaya reinkarnasi netbook netbook besut asus awar praktis ringkas layak netbook forma sejajar notebook lepas prosesor tanam dalam processor intel celeron 847 cepat 1 1 ghz uji tangguh kelas jauh unggul banding processor intel atom untuk kelas level arti laptop ilik mampu dewa asus x201e masuk kategor entry level laptop tuju untuk jelan aplikasi ringan cocok untuk jalan aplikasi basis 3d game kartu grafis integrasi prosesor intel hd ber basis hd graphics 2000 masuk kelas low end lebih asus x201e portable bentuik tipis ramping desain eleg lapis aluminium member kesan kokoh tampil fisik eforma cukup bagus dukung untuk guna aktifitas komputasi hari multimedia daya tahan batera lumay yboard nyaman guna port lengkap masuk port lawas d sub tinggal port generasi baru hdmi sedia ram 4gb hardisk 320gb kurang body ujung dent siap paka harga pas gan murah bukalapak lengkap unit adapter garansi sonal 1minggu ,Rp 1890000

67,asus transformer t101h ,intel atom quad core x5 z8350 processor windows 10 home 64bit layar sentuh 10 1 ips wxga 1280x800 grafis intel hd 128gb emmc 2gb ddr3 memory daya tahan batera 12 jam usb 3 1 type c bt 4 0 wi fi 1 tahun garansi global garansi resmi warna pink hijau abu abu mohon cek tersedia warna ,Rp 4048000

6890,laptop asus x441sa bx001d intel n3060 2gb 500gb 14 inch garansi resmi 2th ,free tas original asus free instalation windows program standart warna hitam amp amp amp merah spec processor type intel core processor onboard intel core n3060 standard memory 2gb ddr3 video type intel hd graphics display size 14 display max resolution 1366 x 768 audio type integrated speakers type integrated hard drive type 500gb optical drive type dvd rw wireless network protocol integrated 802 11 b g n yboard type standard yboard card reader provided yes interface provided 1 x usb type c 1 x usb 3 0 1 x usb 2 0 1 x hdmi 1 x vga 1 x lan 1 x 3 5mm audio o s provided dos ,Rp 3375000

91,asus x541sa bx401d celeron n3060 ram 4gb 500gb dos 15 6 quot black resmi ,garansi 2 tahun resmi asus processor intel celeron dual core n3060 processor operating system dos memory 4 gb ddr3l 1600mhz sdram onboard memory display 15 6 16 9 led backlit hd 1366768 glare panel with 45 ntsc graphic integrated intel hd graphics hard drives 500gb 5400rpm sata hdd optical drive super multi dvd yboard chicklet yboard card reader multi format card reader sd sdhc sdxc webcam vga web camera wi fi integrated 802 11b g n integrated 802 11 ac on selected models 10 100 base t bluetooth built in bluetooth v4 0 interface 1 x microphone in headphone out jack 1 x vga port mini d sub 15 pin for external monitor 1 x usb 3 0 port s 1 x usb 2 0 port s 1 x usb c gen 1 up to 5 gbps 1 x rj45 lan jack for lan insert 1 x hdmi audio built in stereo w speakers and microphone asus sonicmaster technology battery 3 cells 36 whrs battery power adapter plug type 4 mm output 19 v dc 1 75 a 33 w input 100 240 v ac 50 60 hz universal warna black free tas ,Rp 3629000

92,asus x441sa bx005d n3060 2gb 500gb dos aquablue ,ready stock limited barang jamin 100 garansi asus indonesia harap konfirmasi barang esan speksifikasi dual core intel celeron processor n3060 dos layar 14 ips hd 1366x768 grafis intel hd 500gb hdd 2gb ddr3l memory dvd writer usb 3 1 type c wi fi 2 tahun garansi global warna aqua blue ,Rp 3380000

93,asus a455lf i3 5005u wx158d ram4gb 500gb dos grs resmi asus indonesia 2th ,intel core i3 5005u processor dos layar 14 hd 1366x768 graphics nvidia geforce gt930m 2gb memory 4gb ddr3l hdd 500gb usb 3 0 bt 4 0 wi fi dvd writer garansi 2tahun asus resmi indonesia warna white ,Rp 5350000

94,asus rog gl553vd ds71 laptop gaming core i7 7700hq vga gtx1050m 4gb ,laptop gaming baru asus rog gl553vd ds71 prosesor intel kabylake 16gb ram ddr4 gpu nvidia gtx1050m 4gb gddr5 ragu mbali untuk main game apa spesifikasi intel core intel core i7 7700hq 2 8 3 2ghz ram 16gb ddr4 hdd 1tb vga nvidia gtx1050m 4gb screen 15 6 full hd os windows 10 original dvd rw lengkap unit laptop tas backpack rog charger kartu garansi dus fullset note mohon tanya tersedia product atc bayar via cod transfer cash rekber irim guna gojek grab bike transaksi face to face silah datang toko mall mangga dua lebih beli laptop gateway komputer utama qualitu control ece barang barang kirim 100 brand new in the box unit trouble 7 24 ganti baru service barang jual jamin 100 baru garansi ima cod delivery untuk daerah jakarta ,Rp 16900000

95,lenovo y70 17 3 inch not alienware asus rog xenom msi razer blade vaio ,lenovo y70 gaming laptop second rare item specification gaming touchscreen fhd display intel core i7 4710hq 2 5 ghz processor 8 gb ddr3 ram vga nvidia gtx 860m 2gb 120 gb solid state drive ssd 17 3 inch fhd 1920 x 1080 os original windows 10 sisa by mbah google ya kondisi body luar material metal alumunium 98 body material black rubber 99 mulus ga cacat baret sobek yboard mulus pudar backlite yboard nyala normal dua model terang batera bagus tahan 2 jam setting balance overall ok no minus murah cod via bukapalak oke trims gan ,Rp 9900000

96,asus a455l intel core i5 haswell nvidia geforce 840m win 10 super mulus ,langsung order aja gan notebook cocok paka video editing design gaming dll unit notebook merk asus a455l series aluminum spec processor intel core i5 4210u 1 70ghz max turbo boost 2 70 ghz haswell gen 4th memory ddr3 4 gb harddisk 1 tera byte tb dual vga vga intel hd graphics 4400 vga nvidia geforce 840 0m 2 gb ddr3 dedicated dvdrw super multi record bluetooth wifi hdmi usb3 ss port rgb vga lan gigabit cardreader multi camera hd display layar led 14 inchi hdanti glare body aluminum tough win 10 pro office amp amp amp amp amp aplikasi lengkap unit adaptor tas terang kondisi fisik barang 98 mulus like new normal original fungsi baik engsel layar kuat kokoh layar jernih dot pixel batre kuat 2 jam segel utuh garansi nb jabodetabek cod sesua sepakat via gosend bukalapak cepat luar jabodetabek paket via jne tiki asuransi packing rapih buble wrap lapis kayu aman amp amp amp amp amp tepat ima kasih ,Rp 4972000

97,asus a46cm i5 3317u 4 500 invidia 2gb free ongkir ,test game gan a rel nofollow noopener noreferrer target _blank href https www bukalapak com ap l https www youtube com watch v bzqwhvysugk https www youtube com watch v bzqwhvysugk a halo gan sista yg laptop game design graphis editing render adobe primer design tipis slim bahan alumunium kesan eleg kokoh ga bakal mati gaya laptop pd umum yg pake bahan dr plastik dukung core i5 padu dg vga invidia geforce gt635m 2gb lbh powerfull jamin lancar utk maen game 3d yg mainstream render graphis spek intel core i5 3317u speed 2 6ghz ulv hemat daya ori ddr3 4gb up to 8 gb hardisk 500gb 5400rpm dual vga invidia geforce gt635m 2gb intel graphic 4000 dvdrw supermult led 14 res 1366 768 jernih tajam detail tetap nyaman krj dpn laptop audio sonic master amp amp altec lansing suara jernih mantab batera 3jam awet tdk bocor drop ice cool teknolog jamin laptop tetap dingin stabil instan on nyala 2 detik lengkap unit casan ori tas msh mulus 95 97 fungsi lancar tinggal pake aja cod jl dipatiukur dkt unpad unikom bdg ,Rp 4500000

98,asus x454ya bx801d black 23693 ,best buy amd quadcore a8 7410 2 2ghz turbo 2 5ghz ram 4gb hdd 500gb dvd rw vga amd radeon r5 screen 14 dos garansi asus 2 tahun service amp sparepart awar produk asus x555qg bx101d black asus x555da wb11 black asus x454yi bx801d black asus x454yi bx802d white asus x540ya bx101d black asus x455ya bx102d silver asus x455ya bx103d red asus x554yi a6 7310 black asus x550ze xx801d black asus x454ya wx102d white asus x454ya wx101d black sedia cicil kartu kredit home credit indonesia proses cepat mudah aeon original produk original 100 garansi 100 uang mbali barang replika palsu garansi garansi toko 3 hari produk terima untuk smartphone 1 hari untuk garansi unit gantung produk claim garansi unit via toko untuk claim service center fast respon kosong8tujuh7tujuh4kosonglima8delapan4tujuh via chat toko alamat toko kliknklik karawac supermall karawac lanta ug blok h5 no 2 amp lanta ff blok m5 no 1 2 jalan boulevard ponegoro no 105 bencong lapa dua bencong klp dua tangerang banten 15811 all point pick up itc cempaka 1 mas lt 6 ratu plaza shopping mall mangga 2 mall mall ambassador bekasi cyber park itc bsd supermall karawac depok town square bandung electronic center bec note harap konfirmasi esan untuk asti tersedia stock untuk berat masuk packing masuk packing kayu ,Rp 3800000

99,asus x453m celeron n3450m 2 2ghz 2gb 500gb vga intelhd garansi 05 2017 ,for sell notebook asus x453m langsung aja spek nya bawah ya gan spesifikasi processor chipset intel celeron processor n3450 2m cache up to 2 2 ghz grafis vga intel hd graphic display 14 led backlit 1366 x 768 memory 2gb of ddr3l storage 500gb sata hdd multimedia stereo speakers with sonicmaster 720p hd webcam networking integrated 10 100 ethernet lan wi fi wireless bluetooth v4 0 ports amp slot usb 3 0 port amp usb 2 0 port combo audio jack rj45 lan jack for lan hdmi vga port card reader sd sdhc sdxc nsington lock dvd rw kondisi fisik 95 mulus bekas akai wajar all hardware working 100 no minus layar bening no deadpixel no whitespot garansi resmi asus 05 2017 os windows 10 pro 64bit ready ms office 2016 aktif batre normal 3 jaman garansi sonal 1 minggu lengkap notebook charger dus ga sebutin arti ga ya gan harga 2 600 000 nett pass thanks ,Rp 2600000

100,asus x455l core i3 4030u ram 2gb hdd 500