0,gitar elektrik ibanez jem sunburst n hitam ,gitar elektrik ibanez jem bonus softcase gitar spesifikasi body mahogan neck mpel pickup gnb korea bonus softcase gigbag pick amp kabel jack harga rp 950000 reseller dpt harga khusus hub phone amp wa alamat komp beacuka jl sundakelapa no 3 sukapura jakarta utara belakang apartement nias lapa gading ima irim indonesia cod khusus jakarta ima kasih ,Rp 950000
1,gitar ibanez jem555 wh white ,picture gitar ibanez jem555 wh white spesifikasi wizard ii 3pc maple neck americ basswood body rosewood fretboard w tree of life inlay jumbo frets marzio evolution pickups edge ii tremolo bridge cosmo black hardware minat amp info lanjut harap hubung untuk tersedia stok lokasi showroom pusat official bahanna jakarta barang yg jual original cek langsung kirim ekspedisi trims ,Rp 9190000
2,gitar ibanez jem flower black new ,gitar ibanez jem flower black new plus bonus handle kunci l custom pabri finishing rapih tremolo updown body mahogan nek mepel pickup gnb korea kualitas mantap berat barang masuk packing kayu lapisi plastik buble wrap aman tuju ima kasih ,Rp 1200000
3,gitar ibanez jem flower new ,gitar ibanez jem flower new plus bonus handle kunci l custom pabri tremolo updown body mahogan nek mepel pickup gnb korea kualitas mantap berat barang masuk packing kayu lapisi plastik buble wrap aman tuju silah order asal klik beli barang ready sanan kirim ima kasih ,Rp 1200000
4,ibanez jem putih maple updown ,gitar elekteik jem putih maple kudusmusik harga 1300000 warga kudus san silah ,Rp 1300000
5,gitar ibanez jem flower black ,gitar ibanez jem flower bk custom pabri body mahogan nek mepel pickup gnb korea silah order kirim pesan untuk info lanjut ima kasih ,Rp 1199000
6,gitar ibanez jem flower pabri pu gnb korea ,gitar ibanez jem flower custom pabri body mahogan nek mepel pickup gnb korea silah order kirim pesan untuk info lanjut mksh ,Rp 1199000
7,gitar ibanez jem flower ,ibanez jem flower body mahogan nek mepel pickup gnb korea ig sentanamusic selamat belanja thx ,Rp 1200000
8,hot sale gitar ibanez jem flowers steve vai updown floyd rose ,deskripsi produk ibanez jem flowers steve vai floyd rose updown spesial body maple neck top selected maple full trussroad five switcher tuning selected pickup humbucker standart ibanez pickup single coil standart ibanez bridge tremolo updown floyd rose updown tuning pegs stainless frets baja free kabel jack toko musik online percaya trusted musical instrument online store bbb guitars indonesia silah order gan produk bbb guitars produk kualitas untuk informasi stok barang cek barang esan langsung hubung via chat bukalapak ,Rp 1500000
9,gitar ibanez jem flowers steve vai updown floyd rose ,deskripsi produk ibanez jem flowers steve vai floyd rose updown spesial body maple neck top selected maple full trussroad five switcher tuning selected pickup humbucker standart ibanez pickup single coil standart ibanez bridge tremolo updown floyd rose updown tuning pegs stainless frets baja free kabel jack toko musik online percaya trusted musical instrument online store bbb guitars indonesia silah order gan produk bbb guitars produk kualitas untuk informasi stok barang cek barang esan langsung hubung via chat bukalapak ,Rp 1500000
10,gitar ibanez jem flowers steve vai floyd rose updown ,deskripsi produk ibanez jem flowers steve vai floyd rose updown spesial body maple neck top selected maple full trussroad five switcher tuning selected pickup humbucker standart ibanez pickup single coil standart ibanez bridge tremolo updown floyd rose updown tuning pegs stainless frets baja free kabel jack toko musik online percaya trusted musical instrument online store bbb guitars indonesia silah order gan produk bbb guitars produk kualitas untuk informasi stok barang cek barang esan langsung hubung via chat bukalapak ,Rp 1375000
11,gitar ibanez jem ,neck custom 3pcs maple fret board rosewood body custom tremolo ibanez edge pro 3 pickup ibanez quantum hardware warna cosmo smua ,Rp 2850000
12,ibanez jem flower ampli 8inc bonus kabel jek ,paket siap pake gan ibanez jem flower ampli include kabel gan special spek ibanez jem flowers body mahogan nek mepel pickup gnb korea tremolo updown trusoard inlay flower kerang include handel amp kunci l ampli orange 8inc speaker clean amp overdrive c nel 20watt 220volt kualitas jamin mantap yahud irim jamin safety gan silah order ya ima kasih ,Rp 1749000
13,ibanez jem 7vsbl original ,up for sale is a nice 2002 ibanez jem7vsbl steve vai signature jem 7vsbl blue 6 string guitar amp case some small chip at the bottom of the back body offset double cutaway alder body w b w pickguard bolt on maple neck 24 fret rosewood fingerboard with vine inlay last four frets scalloped lo pro edge tremolo six on one side tuners humbucker single coil humbucker marzio pickups volume tone control five way switch vintage silver hardware weighs 82 pounds color blue made in japan 2002 includes hardshell case and tremolo arm hardcase original ,Rp 25000000
14,gitar ibanez jem flower hitam ,gitar amp bass murah spesifikasi body mahogany neck mepple pick up gnb korea all parts standar korea gitar bass murah kualitas murah buat handmade buat pabrik free handle kunci l ,Rp 1200000
15,gitar ibanez jem flower warna hitam khusus gojek ,hati berat gitar tera untuk irim via gojek gosend jarak maksimal 30km tempat maksimal berat irim via gojek 7 kg turun berat gitar detail data barang transaksi jadi luar gojek iklan sanan nya batal untuk guna fitur gojek gosend beli anda titik lokasi maps buka lapak untuk aktif nya beli tinggal buka akun buka lapak terus edit alamat lengkap pilih titik lokasi detail alamat beli transaksi lewat gojek selamat coba mohon baca transaksi imakasih gitar amp bass murah spesifikasi body mahogany neck mepple pick up gnb korea all parts standar korea gitar bass murah kualitas murah buat handmade buat pabrik free handle kunci l ,Rp 1200000
16,bonus kabel jek ibanez jem flower updown ampli leney 8inc ,special bonus kabel jek hemat ongkir ibanez jem flower ampli leney gitar ibanez jem flower custom pabri body mahogan nek mepel pickup gnb korea tremolo updown include handle kunci l ampli leney 8inc speaker 20watt 220volt clean amp overdrive suara dahsyat kualitas jamin uas quality control uatama kirim untuk irim barang paking guna plastik bubel masuk kardus paking kayu luar jadi safety silah order kirim pesan untuk info lanjut mksh ,Rp 1750000
17,gitar ibanez jem flower hitam ,gitar bass murah spesifikasi body mahogany neck mepple pick up gnb korea all parts standar korea gitar murah kualitas murah buat handmade buat pabrik free hanlde kunci l anggit musik ,Rp 1199000
18,ibanez jem77fp2 jem77 fp2 stevie vai signature electric guitar japan ,new original by ibanez made in japan include dus hardcase manual book handle kunci l features model jem77fp steve vai signature neck 5 piece maple walnut bolt on neck profile jem prestige body basswood body finish fp2 iconic floral pattern frets 6105 frets fingerboard rosewood inlay floral pattern vine inlays bridge lo profile edge tremolo neck pickup marzio evolution dp158 humbucker middle pickup marzio evolution dps1 single coil bridge pickup marzio evo2 humbucker ,Rp 31300000
19,gitar ibanez jem jr wh flower indo ,ibanez jem jr wh flower made in indonesia minat amp info lanjut harap hubung ericho syauqhy barang yg jual original barang custom kw ibanez gitar amp bass sterling by musicm ernieball musicm drum tama yboard korg simbal sabi amplifier vox laney amp ibanez efek gitar amp bass vox laney amp ibanez senar ernieball komponen speaker rcf mixer phonic kusi lp biola cavaliers amp chateau microphone wireless jts lokasi showroom pusat official bahanna jakarta cek langsung kirim ekspedisi trims ,Rp 5280000
20,fretboard gitar inlay flower for ibanez jem steve vai ,fretboard gitar inlay flower for ibanez jem steve vai ,Rp 195000
21,gitar ibanez jem flowers putih ,spek body full mahogan neck mapple canada pickup standard korea all parts standard korea layan irim indonesia enak nya cod toko yg kurang jelas call sms add youtube twitter angelmusix web ucap imah kasih teman teman singgah iklan ,Rp 1200000
2230,ibanez jem flower ,spek singkat body mahogany neck mapple fingerboard rosewood pickup gnb korea tremolo floydrose lisenced all parts korea silah tinggal pesan untuk tanya ready stock imakasih amp selamat belanja aman bukalapak ,Rp 1200000
31,gitar ibanez jem jr ,kualitas harga baik nego sewajar ya gan ayo gan mari gitar ekslusif gitar gitar lokal pabri china import luar lengkap buku pandu hardcase gitar jack kunci l kunci hardcase spek tremolo updown floyd rose ibanez body top selected maple neck maple inlay flower marzio pickup humbucker single hardware gold dryer ibanez gold takut tipu beli laku cod temu barang baru bayar daerah jakarta utara islamic centre klapa gading jakarta timur pulomas pacu kuda kirim via cargo layan indonesia uang masuk barang baru kirim datang lokasi untuk cek barang toko daerah pademang jakarta utara for more info id line nadyah line wa fast respon browse barang2 masuk profil ,Rp 2900000
32,ibanez jem ,ibanez jem custom spesifikasi body amp amp sidesolid neck mahogany dryer grover r l chrome pick up double korea frett baja stell include kabel 3 meter handle standart sofchase melody ,Rp 800000
33,gitar elektrik ibanez jem signature steve vai ,ready stock 1 unit cepat ibanez jem77pbfp signature steve vai with semi hardcase spec neck type wizard 5pc maple walnut neck w kts titanium rods body americ basswood body fretboard maple fretboard w tree of life inlay fret jumbo frets w premium fret edge treatment bridge edge zero ii tremolo bridge neck pickup marzio gravity storm h neck pickup passive alnico middle pickup marzio evolution s middle pickup passive alnico bridge pickup marzio gravity storm h bridge pickup passive alnico factory tuning 1e 2b 3g 4d 5a 6e string gauge 032 042 hardware color cosmo black ,Rp 16700000
34,gitar elektrik ibanez jem jr original ,jual alat music yboard gital piano gitar bass mixer drum elektrik drum ampli gitar bass yboard aksesoris gitar bass yboard dll untuk produk hubung harga ubah waktu harga masuk ongkos kirim irim jawa luar jawa ,Rp 6200000
35,ibanez jem 77brmr mirror not esp ltd fender squier jackson gibson ,neck maple body mahogany trem edgezero pu bridge inf yg laenny g tau inf jg ap bkn playability oke fret aman ,Rp 3700000
36,gitar ibanez jem flower white steve vai custom pabri ,gitar ibanez jem flower white custom harga rp 1200000 kondisi barang baru bodymahogany neckmaple pick uphumbucker gnb korea tremoloflyod rose licence up down fret 24 jumbo fingerboardrosewod pake trusroad allpartstandart korea minat langsung toko clbk liat beli kaga tetep ima kasih fbtariganmusic youtubejefr andi jln mutiara no 10 persis belakang smu 35 masjid al furqon bendung hilir jakarta pusat ceck google maps tarig music tanya rumah tariganmusic lihat cecksound ytb anejefriand thanks ,Rp 1199000
37,gitar ibanez jem flower black ,gitar elektrik ibanez jem kembang steve vai replika neck maple body mahony full flower inlay pick up gnb korea tremolo updown hardware black barang besli tukar kembali harga waktu ubah ,Rp 1535000
38,ibanez jem fp2 ,ibanez jem fp2 steve vai model call bonus strap kabel body mahogan neck maple pickup korea fingerboard rosewood updown ,Rp 1100000
39,paket hemat ongkir gitar ibanez jem updown flower plus hardcase murah ,paket hemat ongkos kirim gan irim hitung volume hardcase nya gitar ibanes jem up down flower custom pabri body mahogan nek mepel pickup gnb korea kualitas mantap hardcase bagus kuat kokoh lapisi beludru lembut jadi nyaman untuk gitar sayang silah order kirim pesan untuk info lanjut ima kasih ,Rp 1650000
40,gitar ibanez jem up down flower ,gitar ibanez jem up down flower custom pabri jamin rapih body mahogan nek mepel pickup gnb korea kualitas uji mantap gan silah order kirim pesan untuk info lanjut asal klik beli barang ready sanan kirim ima kasih ,Rp 1200000
41,miniatur gitar standart ibanez jem series 1 ,musicminiature24 sedia miniatur alat musik gitar standart miniatur gitar standart tawar model ibanez jem 5 warna beda jadi harga atas harga untuk 5pcs miniatur gitar standart model ibanez jem cocok guna pajang untuk percantik ruang rumah klo gemar gitar merk ibanez miniatur gitar kirim sesuai stock jadi warna sesuai stock ima kasih ,Rp 125000
42,gitar ibanez jem premium tranpar lampu ,body akrilik pik up inf nek ibanez premium ori tremolo flayrose ,Rp 6000000
43,gitar elektrik ibanez jem 555wh ,the ibanez jem555 wh artis steve vai steve salah satu gitaris universal aku salah satu ubah cara musisi pikir gitar benar benar laku signature ibanez gitar beda iconic sublime awe inspiring outrageous model ibanez jem seri trailblazers dunia tiru ,Rp 11800000
44,gitar ibanez jem premium akrilik lampu ,body akrilik neck original ibanez pickup inf kondisi new layan irim seluruh indonesia enak cod toko ,Rp 6000000
45,gitar elektrik ibanez jem flower black ,spec body mahogany neck mepple fingerboard rosewood pick up gnb korea all part korea kondisi new harga rp 1200000 hub lokasi ruko sentra bisnis blok ss 19 no 3 bundar harap indah bekasi seberang mc donald masuk sorum mobil posh angga musik ,Rp 1185000
46,gitar listrik ibanez jem flower bk murah ,stok gak gan terang order order tanya gitar nya cuman satu gitar order mohon komfirmasi tersedia barang selamat music jalan mutiara no 10 persis belakang sma 35 bendung hilir jakarta pusat buka jam 8 pagi tutup jam 12 malam tunggu order nya gan imakasih ,Rp 1200000
47,gitar ibanez jem flower white ,gitar ibanez jem flower putih neck maple body mahon pick up korea tremolo updown floyd rose barang beli tukar kembali harga ubah waktu ,Rp 1566100
48,ibanez jem upgrade floyd rose original ,ibanez jem upgrade tremolo floyd rose original tremolo seri special seri atas floyd rose original paka tremolo 100 senar stabil falssustain block paka 36mm tremolo abal abal kalo tarik tekan keras floyd rose springnya lentur jamin tarik tekan keras kondisi gitar awat lecet akai ,Rp 1650000
49,ibanez jem uv77svr steve vai signature quot passion amp warfare quot 25th anniversary limited edition electric guitar ,pre order berla hari jumat tgl 19 februar 2016 harga net rp 75000000 dp min rp 20000000 harga ikat bulan september 2016 about the ibanez steve vai signature passion amp warfare 25th anniversary limited edition electric guitar new for 2016 ibanez is releasing a limited number of steve vai uv77 guitars these 7 string masterpieces are constructed with marzio blaze pickups a lo pro edge 7 bridge and a sappearing pyramid inlay each comes with a hard shell case and a certificate of authenticity specifications maple uv neck americ basswood body jumbo frets rosewood fretboard sappearing pyramid inlay lo pro edge 7 bridge marzio blaze neck pickup marzio blaze middle pickup marzio blaze bridge pickup ultralite tremolo arm included hard shell case included certificate of authenticity included ,Rp 75000000
50,gitar ibanez jem77fp2 jem77 fp2 jem flower japan ,ibanez jem77fp2 31300rb netto beli esan product harpa konfirmasi lebihdahulu untuk stock harga untuk gguna jasa gojek gosend harap konfirmasi ig d_onlinemarket twitter d_onlinemarket line id d_onlinemarket makasi ,Rp 31300000
51,gitar ibanez jem 77 ,gitar ibanez jem 77 pakai pribad cek langsung barang posisi bandar lampung ,Rp 1000000
52,gitar listrik ibanez jem flower fp2 murah ,alamat jlnmutiara no 10 persis belakang sma 35 bendung hilir jakarta pusat opsi order datang langsung lokasi delivery order by kurir on jabodetabek ongkir tanggung beli utk luar pulau luar kota bs kirim via jne ongkir tanggung beli imakasih ,Rp 1200000
53,ibanez jem ,body mahogany neck maple fretboard rosewood inlay flower green pickup quantum hexa neck n bridge single coil alnico tunner kore screw less tremolo floydrose special licenced korea plus hardcase tambah 400k playbility enak main finishing rapih gratis softcase sedia stock 1 biji aja gan untuk ongkos kirim agan chat ane untuk estimasi biaya kirim ,Rp 1750000
54,gitar listrik ibanez jem flower murah ,beli satu satu selamat music jalan mutiara no 10 bendung hilir jakarta pusat belakang sma 35 buka hari datang harap kabarin nya imakasih ,Rp 1200000
55,gitar ibanez jem flower part putih ,gita60,ibanez jem flower putih ampli 8inch kabel jack 3m ,sepaket gitar ibanez jem flower putih ampli 8inch kabel jack 3m bodi mahogan neck mappel fretboart rosewood pick up g amp b korea erick music lokasi jalan mutiara no 10 bendung hilir jakarta pusat belalang sma 35 samping gor buka jam 8 pagi jam 12 malam layan irim seluruh indonesia ,Rp 1780000
61,ibanez jem jr wh steve vai signature electric guitar ,ibane jem jr wh white original by ibanez made in indonesia lengkap dus manual book kunci l amp handle features body mahogany neck type wizard ii maple neck fretboard rosewood fretboard inlay tree of life frets jumbo fretboard radius 400mm 1575 scale length 648mm 255 neck width at nut 43mm 17 neck width at last fret 58mm 23 neck thickness at 1st fret 19mm 075 neck thickness at 12th fret 21mm 082 bridge standard ibanez double locking tremolo system pickup configuration hsh neck pickup quantum neck humbucker passive ceramic middle pickupquantum single coil mid pickup passive ceramic bridge pickup quantum bridge humbucker passive ceramic hardware color cosmo black ,Rp 5344000
62,gitar ibanez jem flower warna putih khusus gojek ,hati berat gitar tera untuk irim via gojek gosend jarak maksimal 30km tempat maksimal berat irim via gojek 7 kg turun berat gitar detail data barang transaksi jadi luar gojek iklan sanan nya batal untuk guna fitur gojek gosend beli anda titik lokasi maps buka lapak untuk aktif nya beli tinggal buka akun buka lapak terus edit alamat lengkap pilih titik lokasi detail alamat beli transaksi lewat gojek selamat coba mohon baca transaksi imakasih gitar amp bass murah spesifikasi body mahogany neck mepple pick up gnb korea all parts standar korea gitar bass murah kualitas murah buat handmade buat pabrik free handle kunci l ,Rp 1200000
63,gitar listrik ibanez jem flower fp2 murah ,selamat music alamat jlnmutiara no 10 persis belakang sma 35 bendung hilir jakarta pusat opsi order datang langsung lokasi delivery order by kurir on jabodetabek ongkir tanggung beli utk luar pulau luar kota bs kirim via jne ongkir tanggung beli imakasih ,Rp 1200000
64,gitar elekteik ibanez jem flower white ,spec mahogany body mepple neck rosewood fingerboard thrusrood besi atur neck gnb korea pick up new kondisi ,Rp 1200000
65,guitar electric ibanez jem jr bk ,neck type wizard ii 3pc maple neck body basswood body fretboard rosewood fretboard w white dot inlay fret jumbo frets bridge edge ii bridge neck pu inf h neck pu passive ceramic middle pu infs s mid pu passive alnico bridge pu inf h bridge pu passive ceramic hardware color cosmo black neck mensions scale 648mm 255 a width at nut 43mm b width at last fret 58mm c thickness at 1st 19mm d thickness at 12th 21mm radius 400mmr ,Rp 4720000
66,gitar ibanez jem steve vai updown putih ,spec gitar neck maple truss rod body mahon pickup korea gnb tremolo updown floyd rose 24 fret gangan empuk selebih lihat gambar untuk pesan gitar call sms nomor hppin bb layan irim indonesia enak nya cod tempat yg kurang jelas call sms add angel musix twitterangelmusix web gitarmurah com ucap imah kasih teman teman singgan iklan ,Rp 1200000
67,gitar ibanez jem sunburst amp black ,gitar elektrik ibanez jem spesifikasi body mahogan nek mepel pickup gnb korea bonus softcase gigbag pick amp kabel jack harga rp 950000 reseller dpt harga khusus hub phone amp wa alamat komp beacuka jl sundakelapa no 3 sukapura jakarta utara belakang apartement nias lapa gading ima irim indonesia cod khusus jakarta ima kasih ,Rp 1200000
68,gitar listrik ibanez jem white jr ,ibanez jem white pabri custom spek body mahagony neck maple stainless steel dryer pickup humbucker double gnb korea hardware chrome frets baja nat gading gojek ready gan beli laku cod temu barang bayar datang lokasi utk cek barang kirim via kargo lokasi toko ada jalan rajawal selat 1 no 21a jakarta utara pas sebrang bengkel honda lsg cek google map djenggot music bsa lsg hub timmy wa 08577xxx5050xx768 sms call 0895xxx0684xxx5270 line id timmy_tirtanad cek ig edm_musicrajawal ,Rp 1550000
69,ibanez jem ,ibanez jem body mahogany neck maple trussrod bridge tremolo floydrose updown fretboard rosewood inlay kerang pickup korea dryer grover korea ,Rp 2500000
70,gitar ibanez flower jem via gojek ,untuk ada wilayah jamarta bogor depok amp tangerang selat silah order langsung una fitur jasa layan go send gojek untuk ada luar kota luar pulau jawa order harap konfirmasi lapak thanks ,Rp 1300000
71,gitar listrik ibanez jem flower fp2 murah ,selamat music alamat jlnmutiara no 10 persis belakang sma 35 bendung hilir jakarta pusat opsi order datang langsung lokasi delivery order by kurir on jabodetabek ongkir tanggung beli utk luar pulau luar kota bs kirim via jne ongkir tanggung beli imakasih ,Rp 1200000
72,ibanez jem white jr electrik gitar ,gitar pabri custom suara jamin good utk lbh jelas silah dtg toko gan masuk hardcase ya nego alus ya jgn takut tipu beli laku cod temu barang bayar datang lokasi utk cek barang kirim via kargo layan k indonesia uang masuk barang bru kirim lokasi toko ada jalan rajawal selat 1 no 21a jakarta utara pas sebrang bengkel honda lsg cek google map djenggot music ,Rp 1500000
73,ibanez jem 7 v wh japan ,ibanez jem 7 vwh made in japan original 2011 seken mulus original awat inc hardcase ori minat serius hub trmr musick depok harga nego halus ongkir tanggung beli tengkiu ,Rp 19500000
74,ibanez jemjr ,ready stock ibanez jemjr new model steve idr 5260000 netto spesifikasi wizard lll maple neck mahogany body rosewood fretboard w tree of life inlay jumbo frets quantum pickups tremolo bridge cosmo black hardware order now contac restu aditia call sms wa line ,Rp 5260000
75,ibanez jem 70v premium indo w case ,share info ibanez jem70v premium indo w case idr 13800000 netto planet musik arter info restu aditia ig restu aditia distrib resmi original by ibanez tama sabi korg laney vox musicm jts phonic lp grande cavalier swr ,Rp 13500000
76,gitar ibanez jem flower hitam ,spek body full mahogan neck and fingerboard full mapple canada pickup standard korea all parts standard korea layan irim indonesia enak nya cod tempat ,Rp 1200000
77,gitar elektrik ibanez jmf jem flower jemflower pickup humbacker senar string d addario tremolo floyedrose updown ,wahyu galer gitar tangerang kondisi 100 baru bodi mahogan neck maple trushrod pickup gnb korea fingerboard rosewood tuning machine 3r3l tremolo floyedrose updown gitar handle dus bawa alamat toko printscreen ya jalan data 3 b8 no 14a komplek ayom belakang adil kodim kota tangerang banten paka jasa kirim sedia note gojek gosend chat order imakasih ahaay ,Rp 1245500
78,gitar ibanez jem flower black custom pabri ,gitar ibabez jem flower black custom harga rp 1200000 kondisi barang baru bodymahogany neckmaple pick uphumbucker gnb korea tremoloflyod rose licence up down fret 24 jumbo fingerboardrosewod pake trusroad allpartstandart korea minat langsung toko clbk liat beli kaga tetep ima kasih fbtariganmusic youtubejefr andi jln mutiara no 10 persis belakang smu 35 masjid al furqon bendung hilir jakarta pusat ceck google maps tarig music tanya rumah tariganmusic lihat cecksound ytb anejefriand thanks ,Rp 1199000
79,ibanez jemjr wh steve vai signature jem series electric guitar ,new original by ibanez made in indonesia include dus manual book kunci l cable handle features body mahogany neck type wizard ii maple neck fretboard rosewood fretboard inlay tree of life frets jumbo fretboard radius 400mm 1575 scale length 648mm 255 neck width at nut 43mm 17 neck width at last fret 58mm 23 neck thickness at 1st fret 19mm 075 neck thickness at 12th fret 21mm 082 bridge standard ibanez double locking tremolo system pickup configuration hsh neck pickup quantum neck humbucker passive ceramic middle pickupquantum single coil mid pickup passive ceramic bridge pickup quantum bridge humbucker passive ceramic hardware color cosmo black other features monkey grip lions claw tremolo cavity berat 13kg packing kayu harga waktu ubah sebaik konfirmasi stock barang ,Rp 5500000
80,gitar elektrik ibanez jem flower black ,spesifikasi body mahogany neck maple wood fingerboard rosewood pickup gnb90,ibanez jem steve vai custom ,gitar ibanez jem steve vai custom ,Rp 1500000
91,gitar elektrik listrik ibanez jem flower bandung ,lokasi jalan dalem kaum md plaza lt 3 sebe parahyang plaza alun2 bandung buka jam 0900 1700 wib gitar elektrik kualitas buat sistem pabrik handmade sparepart korea pasti yg bukti kualitas harga yg tera iklan harga real ya tinggal tunjukin iklan pas datang toko jamin harga murah untuk kualitas semantab langsung rapat aja toko ya gan luar kota kirim2 bantu ,Rp 1349000
92,ibanez jem flower korea ,satu tahun paka jual gitar baru minat hubung bbm ,Rp 1200000
93,ibanez jem ,ibanez jem no minuss ,Rp 1500000
94,gitar ibanez jem ,gitar ibanez jem custom picup duncan ,Rp 600000
95,gitar elektrik ibanez jem flower white ,spec body mahogany neck mepple fingerboard rosewood pick up gnb korea all part korea kondisi new harga rp 1200000 hub 66663a0 ,Rp 1200000
96,gitar ibanez jem flower ,gitar ibanez jem flower like new spesifikasi body mahogany neck mapple fingerboard rosewood pickup gnb korea tremolo floydrose lisenced all parts korea minat silah tinggal pesan untuk tanya ready stock ,Rp 900000
97,ibanez jem mirror ,ibanez jem mirror pickup standart tremolo edge zero switch 3 way potensio 500k with lamp in finger board wa barang habis pre order 2minggu ,Rp 2500000
98,gitar elektrik listrik ibanez jem flower hitam bandung ,follow our instagram garasi_gitar gitar custom pabri gitar custom handmade sparepart guna korea china lokal abal2 sound playability jamin mantab barang gress baru 100 stok batas ya gan lokasi jalan dalem kaum md plaza lt 3 sebe parahyang plaza alun2 bandungbuka jam 0900 1700 wib luar kota ongkir tanggung buyer ya call sms wa line bbm luvito irwan ,Rp 1300000
99,hot sale gitar ibanez jem jr black high custom ,deskripsi produk ibanez jem steve vai junior black edition body spruce solid neck spruce top dryer ibanez stainless anti karat down tremolo bridge tremolo down triple sound mode gratis senar original satu set gratis kabel jack pickup korea toko musik online percaya trusted musical instrument online store bbb guitars indonesia silah order gan produk bbb guitars produk kualitas untuk informasi stok barang cek barang esan langsung hubung via chat bukalapak ,Rp 1000000
100,gitar listrik ibanez jem fp2 kembang murah riah ,wellcome to gallery selamat music jual alat alat musik bagai jamin kualitas gitar listrik ibanez fp2 kembang rp1200000 spesifikasi neck maple fingerboard rosewood body mahogany tremolo up down frett 24 pick up gnb kore part korea imakasih sempat waktu singgah lihat posting ,Rp 1200000
101,free ongkir pulau jawa gitar liatrik ibanez jem white pabri ,ibanez jem white kondisi awan semi updown suara joss lsg gojek daerah jakarta irim luar jakarta guna pos indonesia lengkap gitar software free senar elektrik dadario handle pick spek body mahagony neck maple stainless steel dryer pickup humbucker double gnb korea hardware chrome frets baja nat gading jgn takut tipu beli laku cod temu barang bayar datang lokasi utk cek barang kirim via kargo layan k indonesia uang masuk barang bru kirim lokasi toko ada jalan rajawal selat 1 no 21a jakarta utara pas sebrang bengkel honda lsg cek google map djenggot music ,Rp 1450000
102,ibanez jem flowers ,kondisi barang 95 kterang pickupdimarzio tremolofloydorse up amp dwon made in japan ,Rp 1000000
103,gitar elektrik ibanez jem flower hitam ,specifikasi mahogany body mepple neck all part korea pick up gnb korea thrusrood besi atur neck fingerboard rosewood kondisi baru alamat jl harap indah raya bundar harap indah seberang mc donald masuk shorum mobil posh blok ss 19 no 03 harap indah bekasi telp sms wa o81367367519 ,Rp 1200000
104,gitar ibanez jem junior black diskon promo ,deskripsi produk ibanez jem steve vai junior black edition body spruce solid neck spruce top dryer ibanez stainless anti karat down tremolo bridge tremolo down triple sound mode gratis kabel jack pickup korea toko musik online percaya trusted musical instrument online store bbb guitars indonesia silah order gan produk bbb guitars produk kualitas untuk informasi stok barang cek barang esan langsung hubung via chat bukalapak ,Rp 950000
105,gitar ibanez jem gaharu free softcase ,sila order barang baru kualitas bagus harga murah kualitas nya ga murah yg pake gojek chat dlu ya info produk hubung kontak yg profil lapak maps mart music ,Rp 1300000
106,gitar ibanez jem white free softcase ,sila order barang baru kualitas bagus harga murah kualitas nya ga murah yg order gojek chat dlu yaa info produk hubung kontak yg profil lapak d 0 c a e f 5 c maps mart music ,Rp 1300000
107,gitar ibanez jem flowers steve vai floyd rose updown ,deskripsi produk ibanez jem flowers steve vai floyd rose updown spesial body maple neck top selected maple full trussroad five switcher tuning selected pickup humbucker standart pickup single coil standart bridge tremolo updown floyd rose updown tuning pegs stainless frets baja free kabel jack toko musik online percaya trusted musical instrument online store bbb guitars indonesia silah order gan produk bbb guitars produk kualitas untuk informasi stok barang cek barang esan langsung hubung via chat bukalapak ,Rp 1375000
108,gitar ibanez jem flowers steve vai floyd rose updown ,deskripsi produk ibanez jem flowers steve vai floyd rose updown spesial body maple neck top selected maple full trussroad five switcher tuning selected pickup humbucker standart pickup single coil standart bridge tremolo updown floyd rose updown tuning pegs stainless frets baja free kabel jack toko musik online percaya trusted musical instrument online store bbb guitars indonesia silah order gan produk bbb guitars produk kualitas untuk informasi stok barang cek barang esan langsung hubung via chat bukalapak ,Rp 1375000
109,guitar ibanez jem flowers white ,gitar listrik ibanez bagus baru 1 kali paka jual baru beli gitar overall baru jarang paka rawat awat mulus baru nego asal serius lebih ,Rp 1200000
110,gitar ibanez jem junior black diskon promo ,deskripsi produk ibanez jem steve vai junior black edition body spruce solid neck spruce top dryer ibanez stainless anti karat down tremolo bridge tremolo down triple sound mode gratis kabel jack pickup korea toko musik online percaya trusted musical instrument online store bbb guitars indonesia silah order gan produk bbb guitars produk kualitas untuk informasi stok barang cek barang esan langsung hubung via chat bukalapak ,Rp 950000
111,gitar elektrik listrik ibanez jem flower bandung ,garasi gitar bandung lokasi jalan dalem kaum md plaza lt 3 sebe parahyang plaza alun2 bandung buka jam 0900 1700 wib cek sound langsung tempat gan kalo kirim2 bantu gitar yg jual buat sistem pabrik jadi presisi playability tonalitas sound jamin mantab sparepart paka part korea yg kualitas bukti paka china lokal tasar cek sound langsung tkp gan toko tp harga rumah jamin sahabat ga bikin kantong bolong contact person telp sms line wa bbm ,Rp 1300000
112,gitar elektrik ibanez jem flower hitam bandung ,gitar pabri gitar custom handmade sparepart guna korea china lokal abal2 sound playability jamin mantab barang gress baru 100 stok batas ya gan cek sound langsung tempat ngopi2 yg domisili bandung luar kota ongkir tanggung buyer ya contact person call sms wa line bbm luvito irwan ,Rp 1300000
113,gitar ibanez jem plower ,monggo agan agan sista minat gitar ibanez jem plower speck body mahaghony neck maeple pic kup gnb korea produk costem pabri mangec music ,Rp 1200000
114,gitar ibanez jem fgm ,kondisigitar ibanez s series kondisibaru lokasijal mutiara no 10 bendung hilir jakarta pusat belakang sma 35 layan irim indonesia datang langsung k lokasi mangec fbmangec cajon lgmangec music nomer hp pin bb cantum bawah ya gan ,Rp 1200000
115,gitar listrik ibanez jem white inlay flower ,welcome to as_musicstore ready gitar listrik ibanez jem white free softcase real pict foto langsung barang yg ready ambil dr lapak sebe ya irim jakarta guna jasa gosend instagram as_musicstore happy shopping ,Rp 1250000
116,gitar ibanez jem flower bunga putih ,gitar ibanez jem flower harga 1 200 000 spesifikasi body mahogany neck maple pick up,Rp 100000000,canon eos 70d kit 18 55 is stm kamera slr canon eos 70 d kit is stm ,baru original 100 garansi 2 tahun bonus memory 16gb class 10 tas filter lensa anti gores lcd untuk jaga barang aman packing nya paka bubble wrap dus plastik anti air isi box ef s18 55mm f 3 5 5 6 is stm eos 70d body eyecup eb body cap battery charger lc e6e battery pack lp e6 interface cable wide strap ew eos70d features 20 2 gapixels aps c dual pixel cmos af sensor digic 5 image processor iso 100 12 800 expandable to 25 600 19 points cross type af system and 7fps shooting intelligent viewfinder 3 0 vari angle clear view lcd ii touch screen wifi ,Rp 11800000
1,canon eos 750d kit 18 55 is stm kamera slr canon eos 750 d ,garansi 1 tahun bonus memory 16gb product highlights 24 2mp aps c cmos sensor digic 6 image processor 3 0 1 04m dot vari angle touchscreen full hd 1080p video recording 19 point all cross type af system 5 fps shooting amp extended iso to 25600 hybrid cmos af ii amp eos scene analysis creative filters built in wi fi connectivity with nfc cs100 connect station suppor ,Rp 8450000
2,canon eos 700d kit 18 55 is free 18mp canon gital slr eos 700 d ,original garansi 1 satu tahun servis resmi canon free antigores tas 9 titik af tipe silang cepat otret sambung 5fps monitor lcd ii tampil jernih sudut variasi 18mp sensor cmos autofocus batera lp e8 mensi 133 1 x 99 8 x 78 8mm berat 755gr whats in the box eos 60d body ef s 18 135is lens eyecup eb not shown wide strap ew eos 60d usb interface cable ifc 130u stereo av cable avc dcbattery pack lp e6 battery charger lc e6 eos gital solution disc and instruction manuals great photography is easy booklet and do more with macro booklet tambah mmc 32gb tambah filter utk lensa harga fix ubah2 gantung amp bbm harap pm av pm tanya stok sblm atc pin bb cencenshop cod antar tempat tuju amp bayar ima barang surabaya fee 20rb ,Rp 6800000
3,canon eos 700d kit 18 55 is free 18mp canon gital slr ,original garansi 1 satu tahun free antigores tas 9 titik af tipe silang cepat otret sambung 5fps monitor lcd ii tampil jernih sudut variasi 18mp sensor cmos autofocus batera lp e8 mensi 133 1 x 99 8 x 78 8mm berat 755gr whats in the box eyecup eb not shown wide strap ew eos usb interface cable ifc 130u battery pack lp e6 battery charger lc e6 eos gital solution disc and instruction manuals great photography is easy booklet and do more with macro booklet ,Rp 6800000
4,canon eos 100d kit 18 55 is stm kamera slr canon ,garansi 1 tahun highlights 18 mp aps c cmos sensor digic 5 image processor 3 0 1 04m dot clear view ii touchscreen full hd 1080p video recording at 30 fps 9 point af and hybrid cmos af ii native iso 12800 extended to iso 25600 4 fps shooting for 28 jpeg 7 raw files 63 zone dual layer tering system scene intelligent auto mode ef s 18 55mm f 3 5 5 6 is stm lens ,Rp 5400000
5,canon eos 70d w kit ef s 18 200 is jm camera kamera dlsr slr resmi datasricp ori ,detail produk canon eos 70d w abadi momen tujuh frame detik abadi momen stills akjub film full hd kinerja tinggi eos 70d ampil 7fps embak resolusi penuh 19 point af system canggih teknolog dual pixel af cmos unik canon fitur 20 2mp aps c cmos sensor digic 5 image processor pixel af cmos ganda live view 3 0 1 040k dot vari angle touchscreen full hd 1080p video move servo af built in wireless connectivity 19 titik cross type af sistem tingkat continuous shooting 7 fps iso 100 12 800 upgrade iso 25600 intelligent scene auto mode ,Rp 18437000
6,canon eos 700dl gital slr camera 18mp hitam ,canon eos 700d awar angkat kamera dslr gital single lens reflex ilik kualitas foto baik agam fungsi auto focus mampu rekam video cukup handal kelas bekal kamera kekuat 18 mp hybrid cmos af sensor canon eos 700d hasil gambar noise rendah berkat image prosessor digic 5 canon eos 700d ingkat iso 12800 untung ambil gambar kondisi cahaya minim whats include charger battera buku pandu kartu garansi key features 9 titik sistem auto fokus tipe silang eos 700d lengkap fitur af asti cepat tepat sambung af otret jendela bidik eos 700d ingkat autofokus 9 titik sistem af tipe silang masuk titik tengah f 2 8 silang ganda tepat tinggi untuk fokus akurat baik kamera posisi potret lanskap iso 100 12800 tingkat 25600 mode h berkat prosesor gambar digic 5 eos 700d ilik rentang iso perluas sebesar iso 100 12800 tingkat 25600 mode h buat otret mungkin situasi cahaya redup blitz saring kreatif otret live view eos 700d ilik tujuh saring kreatif beda ubah suasana efek visual adeg saring kreatif masuk efek mata ikan efek kamera main hitam putih bintik fokus halus efek miniatur efek seni tebal efek cat air warranty brand warranty spare part 1 tahun what kind of spare part service brand warranty labor service 1 tahun ,Rp 9000000
7,kamera d slr canon 550d murah mulus mint no fog ,kamera d slr canon 550d lengkap fullset mulus murah 3 5jt kurang lensa autofocus manual bunyi fokus jadi masa gak paka nego bonus 2 filter uv 2 sd card 8gb tas canon lokasi surabaya utara ,Rp 3500000
8,slr canon eos 600d ,kondisi mulus 100 lengkap charger nego dikit cicil ,Rp 5000000
9,canon eos 70d kit 18 135 mm kamera slr 70d ,garansi 1 tahun highlights 20 2mp aps c cmos sensor digic 5 image processor 3 0 1 04m dot vari angle touchscreen full hd 1080p 30 video amp movie servo af dual pixel cmos af with live view 19 point all cross type phase detect af native iso 12800 extended to iso 25600 7 fps shooting at full resolution ef s 18 135mm f 3 5 5 6 is stm lens ,Rp 13800000
10,slr canon 1000d ,canon 1000d second 98 mulus lensa kit efs 18 55mm built in flash memory 4gb filter lensa strap charger box lengkap tas kamera akai jarang jarang beli awal ,Rp 3000000
11,canon 1100 d bo ,kamera canon 1100d lensa fix body muluss bro ngedoff deh fungsi 100 normal lengkap unit kamera carger ori batre ori no drop starp kardus isi isi eory 4 gb minat hubcod semarang kirim kirim oke ,Rp 3500000
12,kamera slr canon eos 600d ,jual cepat murah cod only cod only mcd buar jak tim kfc pangkal jati sekitar mall cipinang mm bekasi kl cod canon eos 600d ef s 18 135 is kit lengkap kamera canon eos 600d ef s 18 135 is kit kondisi msh mulus jrg paka pas pergi2 luar neger akai 4 tahun krg lbh lengkap 1 body amp lensa 2 batera 3 tas 4 charger 5 tutup lensa 7 kabel usb rp 6 000 000 nego manusia ,Rp 6000000
13,kamera slr cannon kiss gital x ,kamera bekas jual fitur fungsi charger bateray minat bonus lensa focal panjang ,Rp 1750000
14,kamera pro canon eos 1ds ,wts kamera profesional canon eos 1ds utama kualitas gambar detail kondisi fungsi normal ngga cacat baret wajar akibat akai baret kena tangan sm flash shoe akibat gese flash lengkap kamera charger ori 2 batre ori dua kondisi normal strap non ori body caps garansi ngga tau darimana anggap aja non ds jual seharga 9jt nego wajar bonus lensa manual canon fl 50mm f1 2 kondisi seada oprek eos hasil msh bagus mohon anya harga nett dll jelas bakal ngga jawab minat langsung aju tawar via telp brkl cocok timbang agung kurniaw lokasi jember jawa timurrek bcaan agung kurniaw untuk rekomendasi cek a rel nofollow noopener noreferrer target _blank href https www bukalapak com ap l http bursa fotografer net rekomendasi php id 80183 http bursa fotografer net rekomendasi php id 80183 a a rel nofollow noopener noreferrer target _blank href https www bukalapak com ap l http www facebook com agung96 http www facebook com agung96 a ,Rp 9000000
15,canon slr 600d ,kondisi camera jarang paka dus cd assesoris lengkap ,Rp 5000000
16,canon dslr 1100d ,barang komplit ,Rp 3200000
17,canon eos 70d kit 18 55 is stm kamera slr canon eos 70 d kit is stm ,baru original 100 garansi 2 tahun bonus memory 16gb class 10 tas filter lensa anti gores lcd untuk jaga barang aman packing nya paka bubble wrap dus plastik anti air isi box ef s18 55mm f 3 5 5 6 is stm eos 70d body eyecup eb body cap battery charger lc e6e battery pack lp e6 interface cable wide strap ew eos70d features 20 2 gapixels aps c dual pixel cmos af sensor digic 5 image processor iso 100 12 800 expandable to 25 600 19 points cross type af system and 7fps shooting intelligent viewfinder 3 0 vari angle clear view lcd ii touch screen wifi ,Rp 16780000
18,free canon eos 750d kit 18 55mm is